id;returned_completed_payment_data;last_edited_by;last_edited_when
1;../fake-data/blob/hipster.txt;Soft Sleek;2019-12-12T05:41:06
2;../fake-data/blob/hipster.txt;Vatu;2019-12-12T07:36:47
3;../fake-data/blob/hipster.txt;XSS;2019-12-12T13:47:36
4;../fake-data/blob/hipster.txt;Buckinghamshire;2019-12-12T17:11:09
5;../fake-data/blob/hipster.txt;support;2019-12-12T17:05:08
6;../fake-data/blob/hipster.txt;hack Money Market Account;2019-12-12T06:05:44
7;../fake-data/blob/hipster.txt;initiatives;2019-12-12T12:56:45
8;../fake-data/blob/hipster.txt;withdrawal South Carolina Pakistan Rupee;2019-12-12T21:49:03
9;../fake-data/blob/hipster.txt;Avon Intelligent extend;2019-12-12T15:48:43
10;../fake-data/blob/hipster.txt;withdrawal Response Investment Account;2019-12-12T09:40:11
