id;thumbnail_photo;original_photo;banner_tall_photo;banner_wide_photo;circle_photo;sharpened_photo;square_photo;watermark_photo;thumbnail_photo_blob;thumbnail_photo_blob_content_type;original_photo_blob;original_photo_blob_content_type;banner_tall_photo_blob;banner_tall_photo_blob_content_type;banner_wide_photo_blob;banner_wide_photo_blob_content_type;circle_photo_blob;circle_photo_blob_content_type;sharpened_photo_blob;sharpened_photo_blob_content_type;square_photo_blob;square_photo_blob_content_type;watermark_photo_blob;watermark_photo_blob_content_type;priority;default_ind
1;Personal Loan Account;Supervisor;port Auto Loan Account;monitor Russian Ruble;magenta B2B Metal;neural-net;HDD Brand Home Loan Account;scalable;../fake-data/blob/hipster.png;image/png;../fake-data/blob/hipster.png;image/png;../fake-data/blob/hipster.png;image/png;../fake-data/blob/hipster.png;image/png;../fake-data/blob/hipster.png;image/png;../fake-data/blob/hipster.png;image/png;../fake-data/blob/hipster.png;image/png;../fake-data/blob/hipster.png;image/png;32857;true
2;Kentucky Auto Loan Account;Handcrafted Metal Pizza primary Dobra;parsing disintermediate;Home web services;Automotive;mint green wireless;Bike Pre-emptive Avon;Bedfordshire Games Legacy;../fake-data/blob/hipster.png;image/png;../fake-data/blob/hipster.png;image/png;../fake-data/blob/hipster.png;image/png;../fake-data/blob/hipster.png;image/png;../fake-data/blob/hipster.png;image/png;../fake-data/blob/hipster.png;image/png;../fake-data/blob/hipster.png;image/png;../fake-data/blob/hipster.png;image/png;97608;true
3;Dynamic;calculate;Total;Ohio;Auto Loan Account connect;District;orchestrate Supervisor zero defect;National;../fake-data/blob/hipster.png;image/png;../fake-data/blob/hipster.png;image/png;../fake-data/blob/hipster.png;image/png;../fake-data/blob/hipster.png;image/png;../fake-data/blob/hipster.png;image/png;../fake-data/blob/hipster.png;image/png;../fake-data/blob/hipster.png;image/png;../fake-data/blob/hipster.png;image/png;5544;true
4;Multi-channelled Future system-worthy;yellow Branding azure;Bike Designer;Palladium olive;implementation blue;bypassing;Rubber Sleek;Buckinghamshire Rustic;../fake-data/blob/hipster.png;image/png;../fake-data/blob/hipster.png;image/png;../fake-data/blob/hipster.png;image/png;../fake-data/blob/hipster.png;image/png;../fake-data/blob/hipster.png;image/png;../fake-data/blob/hipster.png;image/png;../fake-data/blob/hipster.png;image/png;../fake-data/blob/hipster.png;image/png;42348;false
5;payment fuchsia;Central African Republic;Future;Pants Metal back-end;Dominican Peso;Generic Steel Ball Small Table;Global Delaware;methodologies strategic Chicken;../fake-data/blob/hipster.png;image/png;../fake-data/blob/hipster.png;image/png;../fake-data/blob/hipster.png;image/png;../fake-data/blob/hipster.png;image/png;../fake-data/blob/hipster.png;image/png;../fake-data/blob/hipster.png;image/png;../fake-data/blob/hipster.png;image/png;../fake-data/blob/hipster.png;image/png;684;true
6;Developer Manager;Concrete SAS attitude-oriented;optical;navigating Plaza Berkshire;markets;Rhode Island;Division;Directives Accountability Re-engineered;../fake-data/blob/hipster.png;image/png;../fake-data/blob/hipster.png;image/png;../fake-data/blob/hipster.png;image/png;../fake-data/blob/hipster.png;image/png;../fake-data/blob/hipster.png;image/png;../fake-data/blob/hipster.png;image/png;../fake-data/blob/hipster.png;image/png;../fake-data/blob/hipster.png;image/png;62411;false
7;Refined Concrete Ball Lead;Fish end-to-end;application;Iranian Rial;Investment Account;Licensed;Upgradable invoice transition;Computer Small Rubber Salad;../fake-data/blob/hipster.png;image/png;../fake-data/blob/hipster.png;image/png;../fake-data/blob/hipster.png;image/png;../fake-data/blob/hipster.png;image/png;../fake-data/blob/hipster.png;image/png;../fake-data/blob/hipster.png;image/png;../fake-data/blob/hipster.png;image/png;../fake-data/blob/hipster.png;image/png;91260;false
8;backing up;digital Gorgeous bandwidth;Manager Senior Buckinghamshire;deposit Strategist compelling;Fish;Bhutan;reciprocal;grey asymmetric Incredible;../fake-data/blob/hipster.png;image/png;../fake-data/blob/hipster.png;image/png;../fake-data/blob/hipster.png;image/png;../fake-data/blob/hipster.png;image/png;../fake-data/blob/hipster.png;image/png;../fake-data/blob/hipster.png;image/png;../fake-data/blob/hipster.png;image/png;../fake-data/blob/hipster.png;image/png;39943;true
9;payment models;Principal;backing up;Movies;Handcrafted Wooden Fish;solid state Networked;indexing;Handmade Rubber Fish Officer;../fake-data/blob/hipster.png;image/png;../fake-data/blob/hipster.png;image/png;../fake-data/blob/hipster.png;image/png;../fake-data/blob/hipster.png;image/png;../fake-data/blob/hipster.png;image/png;../fake-data/blob/hipster.png;image/png;../fake-data/blob/hipster.png;image/png;../fake-data/blob/hipster.png;image/png;36080;false
10;payment Rustic Plastic Towels French Polynesia;Health invoice ADP;redundant Personal Loan Account;redundant pixel Proactive;platforms Rubber Small;invoice;Monitored;bricks-and-clicks;../fake-data/blob/hipster.png;image/png;../fake-data/blob/hipster.png;image/png;../fake-data/blob/hipster.png;image/png;../fake-data/blob/hipster.png;image/png;../fake-data/blob/hipster.png;image/png;../fake-data/blob/hipster.png;image/png;../fake-data/blob/hipster.png;image/png;../fake-data/blob/hipster.png;image/png;17275;false
