id;name;short_label;thumbnail_url
1;GB card;Auto Loan Account;solid state
2;Checking Account systems Refined Granite Towels;withdrawal Station Egypt;quantifying
3;Refined;Bedfordshire intranet;Cotton
4;Consultant mint green Ergonomic;Granite EXE;Lebanese Pound attitude-oriented
5;withdrawal RAM calculating;deposit array;Intelligent Concrete Table Fresh
6;Cotton;Creative Personal Loan Account;Road Avon Oregon
7;systematic deposit magnetic;Fort virtual Personal Loan Account;Industrial Taka
8;Streamlined web services holistic;Ergonomic Fresh Chicken;THX Avon
9;withdrawal Consultant;index Alaska grey;bypassing
10;Investment Account backing up ADP;Spurs Usability;dynamic synthesize
