id;file_name;template_url;status;generated_code;last_edited_by;last_edited_when
1;scale;monitor Cross-group;74937;Principal;Enterprise-wide;2019-12-13T02:13:27
2;black Generic Cotton Car online;system Russian Ruble;81507;IB program;Books haptic Bypass;2019-12-12T03:47:03
3;Bedfordshire Planner copy;haptic;88650;exploit SDD next generation;cutting-edge Garden;2019-12-12T17:49:58
4;Cross-platform backing up customized;Small Frozen Gloves Integration Concrete;53758;Mouse;Azerbaijan context-sensitive;2019-12-12T17:29:55
5;deploy JBOD;online card Bosnia and Herzegovina;83999;proactive card Specialist;neural-net;2019-12-12T23:34:24
6;solid state Metal withdrawal;approach;2075;override Licensed Fresh Towels Steel;Applications;2019-12-12T21:35:21
7;GB Table XML;tan;11555;programming Cambridgeshire Sports;JBOD plum hybrid;2019-12-12T20:34:51
8;productize unleash Jersey;Ohio;70093;orange;Buckinghamshire bluetooth;2019-12-12T09:46:08
9;payment Computer;evolve cross-platform;22050;green Response;Functionality;2019-12-12T04:37:45
10;bricks-and-clicks Handcrafted Wooden Pizza transform;panel Buckinghamshire bypassing;50814;Investment Account Springs Hollow;Credit Card Account orchid Cotton;2019-12-12T05:00:10
